{"Bangkok":{"Openness":0.9700501798760961,"Conscientiousness":0.7157515122856337,"Extraversion":0.11744626246729196,"Agreeableness":0.09291125242694613,"Neuroticism":0.13061560097118408},"Banjul":{"Openness":0.9319899774452571,"Conscientiousness":0.8597701968029074,"Extraversion":0.1925327141574135,"Agreeableness":0.6926451600861431,"Neuroticism":0.06685259979350765},"Beijing":{"Openness":0.9282749425152578,"Conscientiousness":0.8596354525281054,"Extraversion":0.12817741446698422,"Agreeableness":0.5168856845951394,"Neuroticism":0.13504828744785674},"Beirut":{"Openness":0.9795792268988289,"Conscientiousness":0.8878192005942791,"Extraversion":0.16218359630051105,"Agreeableness":0.245316349966891,"Neuroticism":0.0783572385642697},"Bogotá":{"Openness":0.9194297164843288,"Conscientiousness":0.6980227441736313,"Extraversion":0.1988603540126662,"Agreeableness":0.4371116339296225,"Neuroticism":0.25850069239911866},"Budapest":{"Openness":0.9039020582265386,"Conscientiousness":0.5910195220388323,"Extraversion":0.3346279926639071,"Agreeableness":0.43157301287972827,"Neuroticism":0.22786332327160097},"Buenos Aires":{"Openness":0.9684812638136349,"Conscientiousness":0.7719464832008316,"Extraversion":0.10765236863954732,"Agreeableness":0.24371001959547,"Neuroticism":0.13746225512625196},"Cairo":{"Openness":0.9457188165958659,"Conscientiousness":0.8254674969058101,"Extraversion":0.16381825867730831,"Agreeableness":0.30235708294034214,"Neuroticism":0.028008668750553654},"Havana":{"Openness":0.9105415032761395,"Conscientiousness":0.7472187667151575,"Extraversion":0.35236983630846047,"Agreeableness":0.5286446290240562,"Neuroticism":0.09303453113801953},"Ho Chi Minh":{"Openness":0.9405946090175198,"Conscientiousness":0.8065307317664717,"Extraversion":0.29652158987049954,"Agreeableness":0.304744928117092,"Neuroticism":0.06534940797768533},"Istanbul":{"Openness":0.9758900389456021,"Conscientiousness":0.8479896764576513,"Extraversion":0.15523492283452933,"Agreeableness":0.2619341343034263,"Neuroticism":0.08730794095863484},"Johannesburg ":{"Openness":0.9464627928494551,"Conscientiousness":0.8399637838887822,"Extraversion":0.44368998684852345,"Agreeableness":0.5946154756694058,"Neuroticism":0.12968926043633955},"Kampala":{"Openness":0.9816331951993066,"Conscientiousness":0.7310844343172369,"Extraversion":0.1684933178796432,"Agreeableness":0.11285034916831947,"Neuroticism":0.13511182676696593},"Kuala Lumpur":{"Openness":0.9798311332891442,"Conscientiousness":0.9270313122906738,"Extraversion":0.16996057526382466,"Agreeableness":0.08943415319384476,"Neuroticism":0.053073421936414795},"London":{"Openness":0.9524961913121037,"Conscientiousness":0.33362926677678884,"Extraversion":0.33040621347226895,"Agreeableness":0.14141466702054598,"Neuroticism":0.27724012953827054},"Madrid":{"Openness":0.936734397353543,"Conscientiousness":0.8439349418122859,"Extraversion":0.327701026410127,"Agreeableness":0.4960711428611172,"Neuroticism":0.119794344214352},"Manaus":{"Openness":0.9030379660631125,"Conscientiousness":0.8138456290271802,"Extraversion":0.35987547800786907,"Agreeableness":0.5796210988239514,"Neuroticism":0.03769080514932659},"Mexico City":{"Openness":0.966268317343824,"Conscientiousness":0.5302571054389885,"Extraversion":0.21720200481638918,"Agreeableness":0.10171208761203732,"Neuroticism":0.20978263393186203},"Moscow":{"Openness":1,"Conscientiousness":0.9718418794615412,"Extraversion":0.07293996610695443,"Agreeableness":0.04694798977400215,"Neuroticism":0.009943544814731822},"Mumbai":{"Openness":1,"Conscientiousness":0.9270726351152048,"Extraversion":0.09838494728308131,"Agreeableness":0.14469526860737192,"Neuroticism":0.018815436176611584},"Nairobi":{"Openness":0.9730067406324516,"Conscientiousness":0.7311645427826875,"Extraversion":0.28320756218166393,"Agreeableness":0.30405444671817866,"Neuroticism":0.0668723116997219},"New York City":{"Openness":0.8880795820624579,"Conscientiousness":0.5375793661448768,"Extraversion":0.6339862931242395,"Agreeableness":0.38468754444047554,"Neuroticism":0.16708080326754096},"Reykjavik":{"Openness":0.96360829566215,"Conscientiousness":0.8273176989504759,"Extraversion":0.10592918995870083,"Agreeableness":0.20161012456766908,"Neuroticism":0.062305885184762},"Rio de Janeiro":{"Openness":1,"Conscientiousness":0.7888975301426009,"Extraversion":0.08489051093296325,"Agreeableness":0.05868126021284455,"Neuroticism":0.07946589881495042},"Sydney":{"Openness":0.9770813782953556,"Conscientiousness":0.9811741209905328,"Extraversion":0.13780209424653933,"Agreeableness":0.2247347543613823,"Neuroticism":0.009612558725052294},"Taipei":{"Openness":0.9450514398313445,"Conscientiousness":0.8916579570935571,"Extraversion":0.08099795332530393,"Agreeableness":0.3761211285963977,"Neuroticism":0.16481803887030927},"Tokyo":{"Openness":0.9180119846790568,"Conscientiousness":0.7928324422039872,"Extraversion":0.1714870022001519,"Agreeableness":0.5050086079709905,"Neuroticism":0.018170203177952135},"Warsaw":{"Openness":0.9732804645623115,"Conscientiousness":0.6146743239932284,"Extraversion":0.1190918430165286,"Agreeableness":0.09137021811548417,"Neuroticism":0.24039676643055266}}